# Smart IM original MVP lexicon, authored for this project; no downloaded corpus.
# Frequencies are illustrative hand-set ranking priors, not measured usage counts.
# Pronunciations use pypinyin (MIT), with explicit polyphonic overrides.
# text<TAB>space-separated pinyin (v for ü)<TAB>prior frequency
你好	ni hao	12000
我	wo	12000
是	shi	12000
的	de	12000
中国	zhong guo	11000
今天	jin tian	11000
你	ni	11000
我们	wo men	11000
世界	shi jie	10000
好	hao	10000
开始	kai shi	10000
一	yi	9000
一个	yi ge	9000
上	shang	9000
下	xia	9000
不	bu	9000
个	ge	9000
中	zhong	9000
为	wei	9000
为什么	wei shen me	9000
也	ye	9000
了	le	9000
人	ren	9000
什么	shen me	9000
他	ta	9000
他们	ta men	9000
会	hui	9000
你们	ni men	9000
做	zuo	9000
到	dao	9000
去	qu	9000
可以	ke yi	9000
吗	ma	9000
和	he	9000
在	zai	9000
大家	da jia	9000
她	ta	9000
它	ta	9000
对	dui	9000
就	jiu	9000
已经	yi jing	9000
很	hen	9000
怎么	zen me	9000
想	xiang	9000
把	ba	9000
明天	ming tian	9000
有	you	9000
来	lai	9000
没有	mei you	9000
现在	xian zai	9000
看	kan	9000
给	gei	9000
能	neng	9000
自己	zi ji	9000
要	yao	9000
说	shuo	9000
谢谢	xie xie	9000
还	hai	9000
这	zhe	9000
这个	zhe ge	9000
那	na	9000
那个	na ge	9000
都	dou	9000
吧	ba	8500
呢	ne	8500
先	xian	8000
啊	a	7500
上海	shang hai	7200
下午好	xia wu hao	7200
不好意思	bu hao yi si	7200
不客气	bu ke qi	7200
中午好	zhong wu hao	7200
中文	zhong wen	7200
事情	shi qing	7200
再见	zai jian	7200
北京	bei jing	7200
发现	fa xian	7200
可以的	ke yi de	7200
可能	ke neng	7200
同意	tong yi	7200
周末愉快	zhou mo yu kuai	7200
好的	hao de	7200
学习	xue xi	7200
完成	wan cheng	7200
对不起	dui bu qi	7200
工作	gong zuo	7200
希望	xi wang	7200
广州	guang zhou	7200
应该	ying gai	7200
当然	dang ran	7200
必须	bi xu	7200
您好	nin hao	7200
感觉	gan jue	7200
抱歉	bao qian	7200
拜拜	bai bai	7200
收到	shou dao	7200
方式	fang shi	7200
方法	fang fa	7200
早上好	zao shang hao	7200
时候	shi hou	7200
时间	shi jian	7200
明白	ming bai	7200
晚上好	wan shang hao	7200
晚安	wan an	7200
暂时	zan shi	7200
没关系	mei guan xi	7200
没问题	mei wen ti	7200
深圳	shen zhen	7200
理解	li jie	7200
生活	sheng huo	7200
相信	xiang xin	7200
知道	zhi dao	7200
确实	que shi	7200
确认	que ren	7200
等待	deng dai	7200
结束	jie shu	7200
结果	jie guo	7200
继续	ji xu	7200
觉得	jue de	7200
认为	ren wei	7200
请稍等	qing shao deng	7200
请问	qing wen	7200
谢谢你	xie xie ni	7200
辛苦了	xin ku le	7200
问题	wen ti	7200
需要	xu yao	7200
麻烦了	ma fan le	7200
地	de	7000
得	de	7000
嗯	en	6500
行	xing	6500
一会儿	yi hui er	6400
上个星期	shang ge xing qi	6400
上个月	shang ge yue	6400
上午	shang wu	6400
下个星期	xia ge xing qi	6400
下个月	xia ge yue	6400
下午	xia wu	6400
中午	zhong wu	6400
中秋节	zhong qiu jie	6400
之前	zhi qian	6400
之后	zhi hou	6400
今天晚上	jin tian wan shang	6400
今年	jin nian	6400
以前	yi qian	6400
以后	yi hou	6400
假期	jia qi	6400
分钟	fen zhong	6400
刚才	gang cai	6400
前天	qian tian	6400
去年	qu nian	6400
及时	ji shi	6400
后天	hou tian	6400
周一	zhou yi	6400
周三	zhou san	6400
周二	zhou er	6400
周五	zhou wu	6400
周六	zhou liu	6400
周四	zhou si	6400
周日	zhou ri	6400
周末	zhou mo	6400
国庆节	guo qing jie	6400
小时	xiao shi	6400
尽快	jin kuai	6400
工作日	gong zuo ri	6400
按时	an shi	6400
提前	ti qian	6400
早上	zao shang	6400
早晨	zao chen	6400
明天上午	ming tian shang wu	6400
明天下午	ming tian xia wu	6400
明年	ming nian	6400
星期一	xing qi yi	6400
星期三	xing qi san	6400
星期二	xing qi er	6400
星期五	xing qi wu	6400
星期六	xing qi liu	6400
星期四	xing qi si	6400
星期天	xing qi tian	6400
星期日	xing qi ri	6400
春节	chun jie	6400
昨天	zuo tian	6400
晚上	wan shang	6400
最近	zui jin	6400
每周	mei zhou	6400
每天	mei tian	6400
每月	mei yue	6400
深夜	shen ye	6400
生日	sheng ri	6400
目前	mu qian	6400
秒	miao	6400
稍后	shao hou	6400
试试	shi shi	6400
这个星期	zhe ge xing qi	6400
这个月	zhe ge yue	6400
马上	ma shang	6400
事实	shi shi	6200
实时	shi shi	6100
一下	yi xia	6000
一些	yi xie	6000
一定	yi ding	6000
一样	yi yang	6000
一样的	yi yang de	6000
一点	yi dian	6000
一直	yi zhi	6000
一般	yi ban	6000
一起	yi qi	6000
不同	bu tong	6000
不是	bu shi	6000
不用	bu yong	6000
不行	bu xing	6000
不要	bu yao	6000
不过	bu guo	6000
为什么呢	wei shen me ne	6000
也许	ye xu	6000
以及	yi ji	6000
似乎	si hu	6000
但是	dan shi	6000
例如	li ru	6000
其实	qi shi	6000
其次	qi ci	6000
加油	jia you	6000
十分	shi fen	6000
另外	ling wai	6000
只是	zhi shi	6000
可以吗	ke yi ma	6000
同时	tong shi	6000
呵呵	he he	6000
哈哈	ha ha	6000
哦	o	6000
哦哦	o o	6000
嗯嗯	en en	6000
嘿嘿	hei hei	6000
因为	yin wei	6000
在吗	zai ma	6000
地	di	6000
大概	da gai	6000
太好了	tai hao le	6000
太棒了	tai bang le	6000
女	nv	6000
好久不见	hao jiu bu jian	6000
好了吗	hao le ma	6000
好吧	hao ba	6000
好呀	hao ya	6000
好哦	hao o	6000
好啊	hao a	6000
如果	ru guo	6000
完全	wan quan	6000
尤其	you qi	6000
尽量	jin liang	6000
并且	bing qie	6000
怎么办	zen me ban	6000
怎么样	zen me yang	6000
总之	zong zhi	6000
或者	huo zhe	6000
所以	suo yi	6000
是的	shi de	6000
最后	zui hou	6000
有空吗	you kong ma	6000
此外	ci wai	6000
比如	bi ru	6000
比较	bi jiao	6000
没事	mei shi	6000
然后	ran hou	6000
特别	te bie	6000
甚至	shen zhi	6000
相同	xiang tong	6000
相当	xiang dang	6000
真的吗	zhen de ma	6000
而且	er qie	6000
虽然	sui ran	6000
行啊	xing a	6000
西安	xi an	6000
还是	hai shi	6000
非常	fei chang	6000
首先	shou xian	6000
上传	shang chuan	5800
上线	shang xian	5800
下载	xia zai	5800
主管	zhu guan	5800
产品	chan pin	5800
任务	ren wu	5800
会议	hui yi	5800
保存	bao cun	5800
信息	xin xi	5800
修改	xiu gai	5800
停止	ting zhi	5800
关闭	guan bi	5800
内容	nei rong	5800
创建	chuang jian	5800
删除	shan chu	5800
功能	gong neng	5800
卸载	xie zai	5800
发布	fa bu	5800
取消	qu xiao	5800
同事	tong shi	5800
团队	tuan dui	5800
地址	di zhi	5800
复制	fu zhi	5800
安排	an pai	5800
安装	an zhuang	5800
客户	ke hu	5800
密码	mi ma	5800
开发	kai fa	5800
恢复	hui fu	5800
手机	shou ji	5800
打开	da kai	5800
报告	bao gao	5800
提交	ti jiao	5800
搜索	sou suo	5800
撤销	che xiao	5800
数据	shu ju	5800
文件	wen jian	5800
文档	wen dang	5800
方案	fang an	5800
显示	xian shi	5800
更新	geng xin	5800
查找	cha zhao	5800
注册	zhu ce	5800
测试	ce shi	5800
消息	xiao xi	5800
添加	tian jia	5800
点击	dian ji	5800
版本	ban ben	5800
用户	yong hu	5800
电脑	dian nao	5800
电话	dian hua	5800
登录	deng lu	5800
目标	mu biao	5800
硬件	ying jian	5800
确定	que ding	5800
程序	cheng xu	5800
粘贴	zhan tie	5800
系统	xi tong	5800
经理	jing li	5800
网络	wang luo	5800
表格	biao ge	5800
计划	ji hua	5800
记录	ji lu	5800
设置	she zhi	5800
设计	she ji	5800
账号	zhang hao	5800
软件	ruan jian	5800
输入	shu ru	5800
输出	shu chu	5800
运行	yun xing	5800
返回	fan hui	5800
进度	jin du	5800
退出	tui chu	5800
选择	xuan ze	5800
邮件	you jian	5800
重启	chong qi	5800
链接	lian jie	5800
隐藏	yin cang	5800
需求	xu qiu	5800
项目	xiang mu	5800
下一步	xia yi bu	5500
交流	jiao liu	5500
产品设计	chan pin she ji	5500
优先级	you xian ji	5500
优化	you hua	5500
会议室	hui yi shi	5500
会议纪要	hui yi ji yao	5500
会议记录	hui yi ji lu	5500
使用说明	shi yong shuo ming	5500
决定	jue ding	5500
决策	jue ce	5500
准备	zhun bei	5500
分享	fen xiang	5500
分析	fen xi	5500
协调	xie tiao	5500
反馈	fan kui	5500
合作	he zuo	5500
处理	chu li	5500
审批	shen pi	5500
审核	shen he	5500
对比	dui bi	5500
工作总结	gong zuo zong jie	5500
工作计划	gong zuo ji hua	5500
帮助	bang zhu	5500
建议	jian yi	5500
开会	kai hui	5500
总结	zong jie	5500
意见	yi jian	5500
截止时间	jie zhi shi jian	5500
执行	zhi xing	5500
推进	tui jin	5500
操作流程	cao zuo liu cheng	5500
支持	zhi chi	5500
改进	gai jin	5500
整合	zheng he	5500
整理	zheng li	5500
核对	he dui	5500
检查	jian cha	5500
汇总	hui zong	5500
沟通	gou tong	5500
注意事项	zhu yi shi xiang	5500
测试环境	ce shi huan jing	5500
测量	ce liang	5500
生产环境	sheng chan huan jing	5500
用户体验	yong hu ti yan	5500
研究	yan jiu	5500
第一版	di yi ban	5500
结论	jie lun	5500
统计	tong ji	5500
落实	luo shi	5500
解决	jie jue	5500
讨论	tao lun	5500
评估	ping gu	5500
调整	tiao zheng	5500
调查	diao cha	5500
负责人	fu ze ren	5500
跟进	gen jin	5500
配合	pei he	5500
长	chang	5500
需求分析	xu qiu fen xi	5500
项目计划	xiang mu ji hua	5500
项目进度	xiang mu jin du	5500
验证	yan zheng	5500
云端	yun duan	5200
代码	dai ma	5200
代码库	dai ma ku	5200
依赖	yi lai	5200
修复	xiu fu	5200
内存	nei cun	5200
函数	han shu	5200
分支	fen zhi	5200
列表	lie biao	5200
前端	qian duan	5200
参数	can shu	5200
变量	bian liang	5200
合并	he bing	5200
同步	tong bu	5200
后端	hou duan	5200
命令	ming ling	5200
响应	xiang ying	5200
图片	tu pian	5200
在线	zai xian	5200
备份	bei fen	5200
字典	zi dian	5200
字符	zi fu	5200
字符串	zi fu chuan	5200
安全	an quan	5200
客户端	ke hu duan	5200
对象	dui xiang	5200
导入	dao ru	5200
导出	dao chu	5200
平台	ping tai	5200
异常	yi chang	5200
循环	xun huan	5200
批量	pi liang	5200
技术	ji shu	5200
排序	pai xu	5200
接口	jie kou	5200
故障	gu zhang	5200
数字	shu zi	5200
数据库	shu ju ku	5200
数据结构	shu ju jie gou	5200
数组	shu zu	5200
文件夹	wen jian jia	5200
日志	ri zhi	5200
服务	fu wu	5200
服务器	fu wu qi	5200
本地	ben di	5200
权限	quan xian	5200
条件	tiao jian	5200
架构	jia gou	5200
格式	ge shi	5200
模块	mo kuai	5200
浏览器	liu lan qi	5200
源码	yuan ma	5200
环境	huan jing	5200
目录	mu lu	5200
磁盘	ci pan	5200
离线	li xian	5200
筛选	shai xuan	5200
算法	suan fa	5200
类型	lei xing	5200
线程	xian cheng	5200
终端	zhong duan	5200
缓存	huan cun	5200
编码	bian ma	5200
视频	shi pin	5200
请求	qing qiu	5200
调试	tiao shi	5200
超时	chao shi	5200
路径	lu jing	5200
返回值	fan hui zhi	5200
进程	jin cheng	5200
连接	lian jie	5200
迭代	die dai	5200
配置	pei zhi	5200
错误	cuo wu	5200
队列	dui lie	5200
隐私	yin si	5200
音频	yin pin	5200
上下文	shang xia wen	5100
个人语言模型	ge ren yu yan mo xing	5100
个人风格	ge ren feng ge	5100
个性化	ge xing hua	5100
人工智能	ren gong zhi neng	5100
候选词	hou xuan ci	5100
内存占用	nei cun zhan yong	5100
参数量	can shu liang	5100
向量	xiang liang	5100
吞吐量	tun tu liang	5100
大模型	da mo xing	5100
学习率	xue xi lv	5100
小模型	xiao mo xing	5100
延迟	yan chi	5100
开源	kai yuan	5100
性能	xing neng	5100
拼写	pin xie	5100
拼音	pin yin	5100
损失	sun shi	5100
推理	tui li	5100
本地推理	ben di tui li	5100
本地模型	ben di mo xing	5100
机器学习	ji qi xue xi	5100
权重	quan zhong	5100
桌面	zhuo mian	5100
概率	gai lv	5100
模型	mo xing	5100
模型加载	mo xing jia zai	5100
模型推理	mo xing tui li	5100
模型文件	mo xing wen jian	5100
模型训练	mo xing xun lian	5100
汉字	han zi	5100
深度学习	shen du xue xi	5100
特征	te zheng	5100
用户词典	yong hu ci dian	5100
纠错	jiu cuo	5100
自动补全	zi dong bu quan	5100
自定义	zi ding yi	5100
自然语言	zi ran yu yan	5100
补全	bu quan	5100
表达习惯	biao da xi guan	5100
训练	xun lian	5100
词典	ci dian	5100
词频	ci pin	5100
语义	yu yi	5100
语言模型	yu yan mo xing	5100
输入法	shu ru fa	5100
量化	liang hua	5100
预测	yu ce	5100
丈夫	zhang fu	5000
习惯	xi guan	5000
介绍	jie shao	5000
儿子	er zi	5000
先生	xian sheng	5000
关心	guan xin	5000
关系	guan xi	5000
兴趣	xing qu	5000
写作	xie zuo	5000
叔叔	shu shu	5000
同学	tong xue	5000
名字	ming zi	5000
哥哥	ge ge	5000
外公	wai gong	5000
外婆	wai po	5000
大学	da xue	5000
女人	nv ren	5000
女儿	nv er	5000
女士	nv shi	5000
女朋友	nv peng you	5000
女生	nv sheng	5000
奶奶	nai nai	5000
妈妈	ma ma	5000
妹妹	mei mei	5000
妻子	qi zi	5000
姐姐	jie jie	5000
姓名	xing ming	5000
学校	xue xiao	5000
学生	xue sheng	5000
孩子	hai zi	5000
家人	jia ren	5000
小孩	xiao hai	5000
弟弟	di di	5000
态度	tai du	5000
思考	si kao	5000
性格	xing ge	5000
感谢	gan xie	5000
文字	wen zi	5000
朋友	peng you	5000
梦想	meng xiang	5000
母亲	mu qin	5000
爱人	ai ren	5000
爱好	ai hao	5000
父亲	fu qin	5000
爷爷	ye ye	5000
爸爸	ba ba	5000
理想	li xiang	5000
男人	nan ren	5000
男朋友	nan peng you	5000
男生	nan sheng	5000
相处	xiang chu	5000
知识	zhi shi	5000
祝福	zhu fu	5000
经验	jing yan	5000
绿	lv	5000
老师	lao shi	5000
聊天	liao tian	5000
联系	lian xi	5000
能力	neng li	5000
表达	biao da	5000
见面	jian mian	5000
认识	ren shi	5000
记忆	ji yi	5000
语言	yu yan	5000
重	zhong	5000
问候	wen hou	5000
阅读	yue du	5000
阿姨	a yi	5000
陪伴	pei ban	5000
买单	mai dan	4900
冰淇淋	bing qi lin	4900
包子	bao zi	4900
午餐	wu can	4900
午饭	wu fan	4900
南瓜	nan gua	4900
可乐	ke le	4900
吃饭	chi fan	4900
味道	wei dao	4900
咖啡	ka fei	4900
咸	xian	4900
啤酒	pi jiu	4900
喝水	he shui	4900
土豆	tu dou	4900
外卖	wai mai	4900
奶茶	nai cha	4900
好吃	hao chi	4900
好喝	hao he	4900
巧克力	qiao ke li	4900
打包	da bao	4900
早餐	zao can	4900
早饭	zao fan	4900
晚餐	wan can	4900
晚饭	wan fan	4900
果汁	guo zhi	4900
桃子	tao zi	4900
梨	li	4900
橙子	cheng zi	4900
水果	shui guo	4900
海鲜	hai xian	4900
清淡	qing dan	4900
火锅	huo guo	4900
炒饭	chao fan	4900
点餐	dian can	4900
烧烤	shao kao	4900
牛奶	niu nai	4900
牛肉	niu rou	4900
猪肉	zhu rou	4900
玉米	yu mi	4900
甜	tian	4900
白菜	bai cai	4900
矿泉水	kuang quan shui	4900
米线	mi xian	4900
米饭	mi fan	4900
胡萝卜	hu luo bo	4900
苦	ku	4900
苹果	ping guo	4900
茶	cha	4900
草莓	cao mei	4900
菜单	cai dan	4900
葡萄	pu tao	4900
蔬菜	shu cai	4900
虾	xia	4900
蛋糕	dan gao	4900
西瓜	xi gua	4900
西红柿	xi hong shi	4900
豆浆	dou jiang	4900
豆腐	dou fu	4900
辣	la	4900
酸	suan	4900
零食	ling shi	4900
青菜	qing cai	4900
面包	mian bao	4900
面条	mian tiao	4900
食堂	shi tang	4900
餐厅	can ting	4900
饭店	fan dian	4900
饮料	yin liao	4900
饺子	jiao zi	4900
饼干	bing gan	4900
馒头	man tou	4900
香蕉	xiang jiao	4900
鱼肉	yu rou	4900
鸡肉	ji rou	4900
鸡蛋	ji dan	4900
鸭肉	ya rou	4900
麻辣烫	ma la tang	4900
黄瓜	huang gua	4900
上学	shang xue	4800
上班	shang ban	4800
下班	xia ban	4800
乡村	xiang cun	4800
交通	jiao tong	4800
休息	xiu xi	4800
体育馆	ti yu guan	4800
停车场	ting che chang	4800
入住	ru zhu	4800
公交	gong jiao	4800
公司	gong si	4800
公园	gong yuan	4800
出差	chu chai	4800
出租车	chu zu che	4800
出门	chu men	4800
到家	dao jia	4800
前面	qian mian	4800
办公室	ban gong shi	4800
医院	yi yuan	4800
博物馆	bo wu guan	4800
右边	you bian	4800
后面	hou mian	4800
咖啡馆	ka fei guan	4800
商场	shang chang	4800
商店	shang dian	4800
回家	hui jia	4800
图书馆	tu shu guan	4800
地图	di tu	4800
地铁	di tie	4800
坐车	zuo che	4800
城市	cheng shi	4800
外面	wai mian	4800
家里	jia li	4800
对面	dui mian	4800
导航	dao hang	4800
小区	xiao qu	4800
左边	zuo bian	4800
市场	shi chang	4800
广场	guang chang	4800
开车	kai che	4800
房间	fang jian	4800
护照	hu zhao	4800
放学	fang xue	4800
散步	san bu	4800
旁边	pang bian	4800
旅游	lv you	4800
旅行	lv xing	4800
旅馆	lv guan	4800
机场	ji chang	4800
机票	ji piao	4800
楼上	lou shang	4800
楼下	lou xia	4800
汽车	qi che	4800
游泳	you yong	4800
火车	huo che	4800
火车站	huo che zhan	4800
电影院	dian ying yuan	4800
码头	ma tou	4800
红绿灯	hong lv deng	4800
网约车	wang yue che	4800
自行车	zi xing che	4800
行李	xing li	4800
街道	jie dao	4800
超市	chao shi	4800
跑步	pao bu	4800
路口	lu kou	4800
路线	lu xian	4800
车票	che piao	4800
车站	che zhan	4800
运动	yun dong	4800
退房	tui fang	4800
邮局	you ju	4800
酒店	jiu dian	4800
里面	li mian	4800
银行	yin hang	4800
附近	fu jin	4800
预订	yu ding	4800
飞机	fei ji	4800
骑车	qi che	4800
高铁	gao tie	4800
下大雨	xia da yu	4600
下雨	xia yu	4600
下雪	xia xue	4600
主动	zhu dong	4600
伤心	shang xin	4600
兔子	tu zi	4600
冬天	dong tian	4600
刮风	gua feng	4600
动物	dong wu	4600
努力	nu li	4600
台风	tai feng	4600
夏天	xia tian	4600
大海	da hai	4600
天气	tian qi	4600
天气预报	tian qi yu bao	4600
天空	tian kong	4600
太阳	tai yang	4600
失望	shi wang	4600
季节	ji jie	4600
小狗	xiao gou	4600
小猫	xiao mao	4600
山川	shan chuan	4600
开心	kai xin	4600
快乐	kuai le	4600
感动	gan dong	4600
放松	fang song	4600
星星	xing xing	4600
春天	chun tian	4600
晴天	qing tian	4600
月亮	yue liang	4600
森林	sen lin	4600
植物	zhi wu	4600
气温	qi wen	4600
水平	shui ping	4600
河流	he liu	4600
浅色	qian se	4600
深色	shen se	4600
温度	wen du	4600
湖泊	hu po	4600
满意	man yi	4600
激动	ji dong	4600
灰色	hui se	4600
熊猫	xiong mao	4600
狗	gou	4600
猫	mao	4600
生气	sheng qi	4600
白云	bai yun	4600
白色	bai se	4600
秋天	qiu tian	4600
积极	ji ji	4600
空气	kong qi	4600
粉色	fen se	4600
紧张	jin zhang	4600
紫色	zi se	4600
红色	hong se	4600
细心	xi xin	4600
绿色	lv se	4600
耐心	nai xin	4600
自然	zi ran	4600
舒服	shu fu	4600
花园	hua yuan	4600
草地	cao di	4600
蓝色	lan se	4600
认真	ren zhen	4600
阳光	yang guang	4600
阴天	yin tian	4600
难受	nan shou	4600
难过	nan guo	4600
雨伞	yu san	4600
颜色	yan se	4600
风景	feng jing	4600
高兴	gao xing	4600
鱼	yu	4600
鸟	niao	4600
黄色	huang se	4600
黑色	hei se	4600
主要	zhu yao	4500
保持	bao chi	4500
健康	jian kang	4500
充分	chong fen	4500
全部	quan bu	4500
其他	qi ta	4500
具体	ju ti	4500
准确	zhun que	4500
医生	yi sheng	4500
发烧	fa shao	4500
可用	ke yong	4500
可行	ke xing	4500
可靠	ke kao	4500
合理	he li	4500
合适	he shi	4500
咳嗽	ke sou	4500
困难	kun nan	4500
基本	ji ben	4500
基础	ji chu	4500
复杂	fu za	4500
头疼	tou teng	4500
头痛	tou tong	4500
安心	an xin	4500
完整	wan zheng	4500
容易	rong yi	4500
小心	xiao xin	4500
局部	ju bu	4500
常见	chang jian	4500
得	dei	4500
必要	bi yao	4500
快速	kuai su	4500
感冒	gan mao	4500
所有	suo you	4500
手动	shou dong	4500
护士	hu shi	4500
挂号	gua hao	4500
放心	fang xin	4500
整体	zheng ti	4500
方便	fang bian	4500
早睡	zao shui	4500
模糊	mo hu	4500
正常	zheng chang	4500
正确	zheng que	4500
每个	mei ge	4500
注意	zhu yi	4500
清晰	qing xi	4500
清楚	qing chu	4500
熬夜	ao ye	4500
特殊	te shu	4500
生病	sheng bing	4500
病人	bing ren	4500
直接	zhi jie	4500
相关	xiang guan	4500
睡觉	shui jiao	4500
稳定	wen ding	4500
简单	jian dan	4500
缓慢	huan man	4500
肚子	du zi	4500
自动	zi dong	4500
药品	yao pin	4500
药店	yao dian	4500
详细	xiang xi	4500
起床	qi chuang	4500
身体	shen ti	4500
部分	bu fen	4500
重要	zhong yao	4500
锻炼	duan lian	4500
间接	jian jie	4500
预约	yu yue	4500
高效	gao xiao	4500
麻烦	ma fan	4500
默认	mo ren	4500
付款	fu kuan	4400
付款成功	fu kuan cheng gong	4400
价格	jia ge	4400
优惠	you hui	4400
会员	hui yuan	4400
余额	yu e	4400
促销	cu xiao	4400
保存成功	bao cun cheng gong	4400
到货	dao huo	4400
加载失败	jia zai shi bai	4400
包裹	bao guo	4400
发票	fa piao	4400
发货	fa huo	4400
合同	he tong	4400
售后	shou hou	4400
奖金	jiang jin	4400
工资	gong zi	4400
快递	kuai di	4400
成本	cheng ben	4400
手机号码	shou ji hao ma	4400
折扣	zhe kou	4400
报销	bao xiao	4400
换货	huan huo	4400
提交成功	ti jiao cheng gong	4400
操作成功	cao zuo cheng gong	4400
支付	zhi fu	4400
支付方式	zhi fu fang shi	4400
支出	zhi chu	4400
收入	shou ru	4400
收款	shou kuan	4400
收货	shou huo	4400
收货地址	shou huo di zhi	4400
更新成功	geng xin cheng gong	4400
活动	huo dong	4400
物流	wu liu	4400
电话号码	dian hua hao ma	4400
盖章	gai zhang	4400
积分	ji fen	4400
签名	qian ming	4400
签字	qian zi	4400
网络错误	wang luo cuo wu	4400
联系方式	lian xi fang shi	4400
订单	ding dan	4400
订单编号	ding dan bian hao	4400
评价	ping jia	4400
请重试	qing zhong shi	4400
购买	gou mai	4400
购物	gou wu	4400
费用	fei yong	4400
转账	zhuan zhang	4400
连接失败	lian jie shi bai	4400
退款	tui kuan	4400
退货	tui huo	4400
采购	cai gou	4400
预算	yu suan	4400
个人词库	ge ren ci ku	4300
中文输入	zhong wen shu ru	4300
中英文切换	zhong ying wen qie huan	4300
使用本地	shi yong ben di	4300
保存设置	bao cun she zhi	4300
候选列表	hou xuan lie biao	4300
候选排序	hou xuan pai xu	4300
功能测试	gong neng ce shi	4300
单元测试	dan yuan ce shi	4300
历史记录	li shi ji lu	4300
学习记录	xue xi ji lu	4300
导出数据	dao chu shu ju	4300
屏幕	ping mu	4300
工具栏	gong ju lan	4300
常用短语	chang yong duan yu	4300
快捷键	kuai jie jian	4300
性能测试	xing neng ce shi	4300
恢复默认	hui fu mo ren	4300
拼音输入	pin yin shu ru	4300
按钮	an niu	4300
提醒	ti xing	4300
搜索结果	sou suo jie guo	4300
数据分析	shu ju fen xi	4300
数据处理	shu ju chu li	4300
数据安全	shu ju an quan	4300
文件名称	wen jian ming cheng	4300
文件大小	wen jian da xiao	4300
文件格式	wen jian ge shi	4300
文件路径	wen jian lu jing	4300
文档内容	wen dang nei rong	4300
标题	biao ti	4300
测试结果	ce shi jie guo	4300
清除记录	qing chu ji lu	4300
版本更新	ban ben geng xin	4300
状态栏	zhuang tai lan	4300
用户设置	yong hu she zhi	4300
略	lve	4300
窗口	chuang kou	4300
系统设置	xi tong she zhi	4300
自定义词库	zi ding yi ci ku	4300
英文输入	ying wen shu ru	4300
输入体验	shu ru ti yan	4300
输入内容	shu ru nei rong	4300
输入速度	shu ru su du	4300
通知	tong zhi	4300
错误信息	cuo wu xin xi	4300
键盘	jian pan	4300
集成测试	ji cheng ce shi	4300
鼠标	shu biao	4300
一会儿见	yi hui er jian	4200
一切顺利	yi qie shun li	4200
你可以	ni ke yi	4200
你的意思	ni de yi si	4200
你知道	ni zhi dao	4200
你觉得	ni jue de	4200
保持联系	bao chi lian xi	4200
可能需要	ke neng xu yao	4200
周末快乐	zhou mo kuai le	4200
如有问题	ru you wen ti	4200
如果可以	ru guo ke yi	4200
帮我看一下	bang wo kan yi xia	4200
应该可以	ying gai ke yi	4200
感谢支持	gan xie zhi chi	4200
感谢理解	gan xie li jie	4200
感谢配合	gan xie pei he	4200
我们一起	wo men yi qi	4200
我们可以	wo men ke yi	4200
我们需要	wo men xu yao	4200
我可以	wo ke yi	4200
我希望	wo xi wang	4200
我想要	wo xiang yao	4200
我明白了	wo ming bai le	4200
我的意思	wo de yi si	4200
我知道了	wo zhi dao le	4200
我觉得	wo jue de	4200
我认为	wo ren wei	4200
新年快乐	xin nian kuai le	4200
方便的话	fang bian de hua	4200
明天见	ming tian jian	4200
晚点联系	wan dian lian xi	4200
暂时没有	zan shi mei you	4200
有空联系	you kong lian xi	4200
有问题	you wen ti	4200
生日快乐	sheng ri kuai le	4200
目前来看	mu qian lai kan	4200
祝你顺利	zhu ni shun li	4200
稍等一下	shao deng yi xia	4200
等一下	deng yi xia	4200
等一会儿	deng yi hui er	4200
请回复	qing hui fu	4200
请查收	qing cha shou	4200
请查看	qing cha kan	4200
请注意	qing zhu yi	4200
请确认	qing que ren	4200
请联系	qing lian xi	4200
请问一下	qing wen yi xia	4200
辛苦大家	xin ku da jia	4200
随时联系	sui shi lian xi	4200
马上就好	ma shang jiu hao	4200
一起讨论	yi qi tao lun	4100
今天的会议	jin tian de hui yi	4100
会议时间	hui yi shi jian	4100
会议链接	hui yi lian jie	4100
修复问题	xiu fu wen ti	4100
具体安排	ju ti an pai	4100
具体时间	ju ti shi jian	4100
准备好了	zhun bei hao le	4100
参考资料	can kao zi liao	4100
可以开始	ke yi kai shi	4100
同步进度	tong bu jin du	4100
安排会议	an pai hui yi	4100
尽快回复	jin kuai hui fu	4100
已经完成	yi jing wan cheng	4100
已经收到	yi jing shou dao	4100
开始工作	kai shi gong zuo	4100
开始时间	kai shi shi jian	4100
我来处理	wo lai chu li	4100
我看一下	wo kan yi xia	4100
我马上处理	wo ma shang chu li	4100
按时完成	an shi wan cheng	4100
按计划进行	an ji hua jin xing	4100
提交代码	ti jiao dai ma	4100
整理文档	zheng li wen dang	4100
整理资料	zheng li zi liao	4100
文件已经发送	wen jian yi jing fa song	4100
明天的安排	ming tian de an pai	4100
暂无更新	zan wu geng xin	4100
更新进度	geng xin jin du	4100
检查结果	jian cha jie guo	4100
正在处理	zheng zai chu li	4100
正在测试	zheng zai ce shi	4100
没有问题	mei you wen ti	4100
相关资料	xiang guan zi liao	4100
确认需求	que ren xu qiu	4100
稍后回复	shao hou hui fu	4100
结束时间	jie shu shi jian	4100
详细信息	xiang xi xin xi	4100
详细说明	xiang xi shuo ming	4100
还在确认	hai zai que ren	4100
进展顺利	jin zhan shun li	4100
附件	fu jian	4100
需要优化	xu yao you hua	4100
需要修改	xu yao xiu gai	4100
需要确认	xu yao que ren	4100
预计时间	yu ji shi jian	4100
一共	yi gong	4000
一半	yi ban	4000
一方面	yi fang mian	4000
一次	yi ci	4000
一边	yi bian	4000
一遍	yi bian	4000
七个	qi ge	4000
三个	san ge	4000
不仅	bu jin	4000
两个	liang ge	4000
两次	liang ci	4000
两遍	liang bian	4000
九个	jiu ge	4000
于是	yu shi	4000
五个	wu ge	4000
人数	ren shu	4000
什么时候	shen me shi hou	4000
代表	dai biao	4000
位置	wei zhi	4000
体积	ti ji	4000
八个	ba ge	4000
六个	liu ge	4000
关于	guan yu	4000
再次	zai ci	4000
几个	ji ge	4000
几点	ji dian	4000
分别	fen bie	4000
包含	bao han	4000
包括	bao kuo	4000
十个	shi ge	4000
即使	ji shi	4000
反复	fan fu	4000
另一方面	ling yi fang mian	4000
只要	zhi yao	4000
哪个	na ge	4000
哪些	na xie	4000
哪儿	na er	4000
哪里	na li	4000
四个	si ge	4000
因此	yin ci	4000
多久	duo jiu	4000
多大	duo da	4000
多少	duo shao	4000
多远	duo yuan	4000
多长	duo zhang	4000
大小	da xiao	4000
宽度	kuan du	4000
对于	dui yu	4000
尽管	jin guan	4000
属于	shu yu	4000
总共	zong gong	4000
总数	zong shu	4000
意味着	yi wei zhe	4000
按照	an zhao	4000
数量	shu liang	4000
方向	fang xiang	4000
无论	wu lun	4000
根据	gen ju	4000
次数	ci shu	4000
每次	mei ci	4000
深度	shen du	4000
第一	di yi	4000
第三	di san	4000
第二	di er	4000
第五	di wu	4000
第四	di si	4000
距离	ju li	4000
逐步	zhu bu	4000
逐渐	zhu jian	4000
通过	tong guo	4000
速度	su du	4000
重新	chong xin	4000
重量	zhong liang	4000
长度	chang du	4000
除了	chu le	4000
面积	mian ji	4000
顺序	shun xu	4000
高度	gao du	4000
东北	dong bei	3800
东南	dong nan	3800
中华	zhong hua	3800
中国人	zhong guo ren	3800
中国话	zhong guo hua	3800
书籍	shu ji	3800
云南	yun nan	3800
人民	ren min	3800
人民币	ren min bi	3800
仙	xian	3800
全国	quan guo	3800
南京	nan jing	3800
历史	li shi	3800
县	xian	3800
发展	fa zhan	3800
台湾	tai wan	3800
合肥	he fei	3800
哈尔滨	ha er bin	3800
四川	si chuan	3800
国内	guo nei	3800
国家	guo jia	3800
国际	guo ji	3800
大连	da lian	3800
天津	tian jin	3800
安徽	an hui	3800
小说	xiao shuo	3800
山东	shan dong	3800
山西	shan xi	3800
广东	guang dong	3800
广西	guang xi	3800
建设	jian she	3800
成都	cheng du	3800
政策	zheng ce	3800
故事	gu shi	3800
教育	jiao yu	3800
文化	wen hua	3800
文章	wen zhang	3800
新疆	xin jiang	3800
新闻	xin wen	3800
新闻稿	xin wen gao	3800
杭州	hang zhou	3800
歌曲	ge qu	3800
武汉	wu han	3800
比赛	bi sai	3800
江苏	jiang su	3800
沈阳	shen yang	3800
河北	he bei	3800
河南	he nan	3800
济南	ji nan	3800
浙江	zhe jiang	3800
海南	hai nan	3800
游戏	you xi	3800
湖北	hu bei	3800
湖南	hu nan	3800
澳门	ao men	3800
现	xian	3800
甘肃	gan su	3800
电影	dian ying	3800
社会	she hui	3800
福建	fu jian	3800
科学	ke xue	3800
管理	guan li	3800
线	xian	3800
经济	jing ji	3800
节目	jie mu	3800
苏州	su zhou	3800
西北	xi bei	3800
西南	xi nan	3800
西藏	xi zang	3800
论文	lun wen	3800
贵州	gui zhou	3800
郑州	zheng zhou	3800
重庆	chong qing	3800
长沙	chang sha	3800
限	xian	3800
陕西	shan xi	3800
险	xian	3800
青岛	qing dao	3800
音乐	yin yue	3800
香港	xiang gang	3800
鲜	xian	3800
显	xian	3700
不依赖	bu yi lai	3600
业务	ye wu	3600
事事	shi shi	3600
价值	jia zhi	3600
低延迟	di yan chi	3600
关键	guan jian	3600
协作	xie zuo	3600
协议	xie yi	3600
原则	yuan ze	3600
原因	yuan yin	3600
可扩展	ke kuo zhan	3600
可维护	ke wei hu	3600
史诗	shi shi	3600
在线会议	zai xian hui yi	3600
场景	chang jing	3600
外部服务	wai bu fu wu	3600
失事	shi shi	3600
实施	shi shi	3600
实施方案	shi shi fang an	3600
实时更新	shi shi geng xin	3600
实时预测	shi shi yu ce	3600
居家办公	ju jia ban gong	3600
影响	ying xiang	3600
挑战	tiao zhan	3600
收益	shou yi	3600
效果	xiao guo	3600
效率	xiao lv	3600
时事	shi shi	3600
时代	shi dai	3600
时尚	shi shang	3600
时时	shi shi	3600
时间表	shi jian biao	3600
本地优先	ben di you xian	3600
机会	ji hui	3600
机制	ji zhi	3600
标准	biao zhun	3600
核心	he xin	3600
模块化	mo kuai hua	3600
步骤	bu zhou	3600
流程	liu cheng	3600
灵活安排	ling huo an pai	3600
状态	zhuang tai	3600
策略	ce lve	3600
细节	xi jie	3600
职责	zhi ze	3600
自然表达	zi ran biao da	3600
范围	fan wei	3600
规范	gui fan	3600
视频会议	shi pin hui yi	3600
视频通话	shi pin tong hua	3600
角色	jue se	3600
责任	ze ren	3600
质量	zhi liang	3600
资源	zi yuan	3600
跨平台	kua ping tai	3600
远程工作	yuan cheng gong zuo	3600
重点	zhong dian	3600
长期学习	chang qi xue xi	3600
阶段	jie duan	3600
风险	feng xian	3600
个人表达	ge ren biao da	3400
侣	lv	3400
全拼	quan pin	3400
分词	fen ci	3400
双拼	shuang pin	3400
句号	ju hao	3400
可访问性	ke fang wen xing	3400
可读性	ke du xing	3400
同音字	tong yin zi	3400
同音词	tong yin ci	3400
吕	lv	3400
多音字	duo yin zi	3400
女孩	nv hai	3400
女性	nv xing	3400
履历	lv li	3400
履行	lv xing	3400
常用词	chang yong ci	3400
开发进度	kai fa jin du	3400
律	lv	3400
律师	lv shi	3400
感叹号	gan tan hao	3400
掠	lve	3400
掠过	lve guo	3400
旅	lv	3400
旅程	lv cheng	3400
标点符号	biao dian fu hao	3400
法律	fa lv	3400
满足	man zu	3400
满足需求	man zu xu qiu	3400
率	lv	3400
生僻字	sheng pi zi	3400
用户习惯	yong hu xi guan	3400
用户反馈	yong hu fan kui	3400
略微	lve wei	3400
省略	sheng lve	3400
简拼	jian pin	3400
纪律	ji lv	3400
组句	zu ju	3400
组词	zu ci	3400
绿灯	lv deng	3400
绿茶	lv cha	3400
绿豆	lv dou	3400
虐	nve	3400
虐待	nve dai	3400
表达方式	biao da fang shi	3400
逗号	dou hao	3400
铝	lv	3400
错别字	cuo bie zi	3400
问号	wen hao	3400
音节	yin jie	3400
频率	pin lv	3400
首字母	shou zi mu	3400
驴	lv	3400
还	huan	3000
长	zhang	3000
重	chong	2700
行	hang	2600
七	qi	1600
丈	zhang	1600
三	san	1600
且	qie	1600
世	shi	1600
业	ye	1600
东	dong	1600
两	liang	1600
串	chuan	1600
主	zhu	1600
久	jiu	1600
么	me	1600
义	yi	1600
之	zhi	1600
乎	hu	1600
乐	le	1600
乐	yue	1600
九	jiu	1600
习	xi	1600
乡	xiang	1600
书	shu	1600
买	mai	1600
事	shi	1600
二	er	1600
于	yu	1600
云	yun	1600
五	wu	1600
些	xie	1600
交	jiao	1600
产	chan	1600
享	xiang	1600
京	jing	1600
亮	liang	1600
亲	qin	1600
什	shen	1600
仅	jin	1600
今	jin	1600
介	jie	1600
付	fu	1600
代	dai	1600
令	ling	1600
以	yi	1600
们	men	1600
件	jian	1600
价	jia	1600
任	ren	1600
份	fen	1600
休	xiu	1600
优	you	1600
伞	san	1600
传	chuan	1600
伤	shang	1600
估	gu	1600
伴	ban	1600
似	si	1600
但	dan	1600
位	wei	1600
低	di	1600
住	zhu	1600
体	ti	1600
余	yu	1600
作	zuo	1600
使	shi	1600
例	li	1600
依	yi	1600
便	bian	1600
促	cu	1600
保	bao	1600
信	xin	1600
修	xiu	1600
候	hou	1600
值	zhi	1600
假	jia	1600
停	ting	1600
健	jian	1600
僻	pi	1600
儿	er	1600
元	yuan	1600
充	chong	1600
光	guang	1600
克	ke	1600
兔	tu	1600
入	ru	1600
全	quan	1600
八	ba	1600
公	gong	1600
六	liu	1600
共	gong	1600
关	guan	1600
兴	xing	1600
其	qi	1600
具	ju	1600
典	dian	1600
内	nei	1600
册	ce	1600
再	zai	1600
冒	mao	1600
写	xie	1600
冬	dong	1600
冰	bing	1600
决	jue	1600
准	zhun	1600
几	ji	1600
出	chu	1600
击	ji	1600
函	han	1600
分	fen	1600
切	qie	1600
划	hua	1600
列	lie	1600
则	ze	1600
刚	gang	1600
创	chuang	1600
删	shan	1600
利	li	1600
别	bie	1600
刮	gua	1600
制	zhi	1600
前	qian	1600
力	li	1600
办	ban	1600
功	gong	1600
加	jia	1600
务	wu	1600
动	dong	1600
助	zhu	1600
努	nu	1600
包	bao	1600
化	hua	1600
北	bei	1600
区	qu	1600
医	yi	1600
十	shi	1600
午	wu	1600
半	ban	1600
华	hua	1600
协	xie	1600
单	dan	1600
卖	mai	1600
南	nan	1600
博	bo	1600
卜	bo	1600
占	zhan	1600
即	ji	1600
卸	xie	1600
厅	ting	1600
历	li	1600
原	yuan	1600
参	can	1600
及	ji	1600
友	you	1600
双	shuang	1600
反	fan	1600
发	fa	1600
叔	shu	1600
取	qu	1600
受	shou	1600
变	bian	1600
口	kou	1600
句	ju	1600
另	ling	1600
只	zhi	1600
可	ke	1600
台	tai	1600
史	shi	1600
右	you	1600
号	hao	1600
司	si	1600
叹	tan	1600
吃	chi	1600
合	he	1600
同	tong	1600
名	ming	1600
后	hou	1600
吐	tu	1600
向	xiang	1600
吞	tun	1600
含	han	1600
启	qi	1600
呀	ya	1600
告	gao	1600
员	yuan	1600
周	zhou	1600
味	wei	1600
呵	he	1600
命	ming	1600
咖	ka	1600
咳	ke	1600
品	pin	1600
哈	ha	1600
响	xiang	1600
哥	ge	1600
哪	na	1600
售	shou	1600
商	shang	1600
啡	fei	1600
啤	pi	1600
喝	he	1600
嗽	sou	1600
嘿	hei	1600
器	qi	1600
四	si	1600
回	hui	1600
因	yin	1600
团	tuan	1600
园	yuan	1600
困	kun	1600
围	wei	1600
国	guo	1600
图	tu	1600
土	tu	1600
圳	zhen	1600
场	chang	1600
址	zhi	1600
坐	zuo	1600
块	kuai	1600
型	xing	1600
城	cheng	1600
基	ji	1600
堂	tang	1600
境	jing	1600
士	shi	1600
处	chu	1600
备	bei	1600
复	fu	1600
夏	xia	1600
外	wai	1600
多	duo	1600
夜	ye	1600
大	da	1600
天	tian	1600
太	tai	1600
夫	fu	1600
失	shi	1600
头	tou	1600
夹	jia	1600
奖	jiang	1600
奶	nai	1600
如	ru	1600
妈	ma	1600
妹	mei	1600
妻	qi	1600
始	shi	1600
姐	jie	1600
姓	xing	1600
姨	yi	1600
婆	po	1600
子	zi	1600
字	zi	1600
存	cun	1600
季	ji	1600
学	xue	1600
孩	hai	1600
安	an	1600
完	wan	1600
定	ding	1600
实	shi	1600
审	shen	1600
客	ke	1600
室	shi	1600
家	jia	1600
容	rong	1600
宽	kuan	1600
密	mi	1600
导	dao	1600
小	xiao	1600
少	shao	1600
尔	er	1600
尚	shang	1600
尤	you	1600
尽	jin	1600
局	ju	1600
居	ju	1600
屏	ping	1600
展	zhan	1600
属	shu	1600
履	lv	1600
山	shan	1600
岛	dao	1600
川	chuan	1600
州	zhou	1600
工	gong	1600
左	zuo	1600
巧	qiao	1600
差	chai	1600
己	ji	1600
已	yi	1600
币	bi	1600
市	shi	1600
布	bu	1600
师	shi	1600
希	xi	1600
帮	bang	1600
常	chang	1600
幕	mu	1600
干	gan	1600
平	ping	1600
年	nian	1600
并	bing	1600
广	guang	1600
庆	qing	1600
床	chuang	1600
序	xu	1600
库	ku	1600
应	ying	1600
店	dian	1600
度	du	1600
康	kang	1600
延	yan	1600
建	jian	1600
开	kai	1600
异	yi	1600
式	shi	1600
弟	di	1600
张	zhang	1600
当	dang	1600
录	lu	1600
影	ying	1600
征	zheng	1600
径	jing	1600
待	dai	1600
循	xun	1600
微	wei	1600
徽	hui	1600
心	xin	1600
必	bi	1600
忆	yi	1600
志	zhi	1600
快	kuai	1600
态	tai	1600
怎	zen	1600
思	si	1600
性	xing	1600
总	zong	1600
恢	hui	1600
息	xi	1600
您	nin	1600
情	qing	1600
惠	hui	1600
惯	guan	1600
愉	yu	1600
意	yi	1600
感	gan	1600
慢	man	1600
戏	xi	1600
成	cheng	1600
或	huo	1600
战	zhan	1600
截	jie	1600
户	hu	1600
房	fang	1600
所	suo	1600
手	shou	1600
才	cai	1600
打	da	1600
扣	kou	1600
执	zhi	1600
扩	kuo	1600
批	pi	1600
找	zhao	1600
技	ji	1600
折	zhe	1600
护	hu	1600
报	bao	1600
抱	bao	1600
拜	bai	1600
择	ze	1600
括	kuo	1600
拼	pin	1600
持	chi	1600
挂	gua	1600
按	an	1600
挑	tiao	1600
损	sun	1600
换	huan	1600
据	ju	1600
捷	jie	1600
排	pai	1600
接	jie	1600
推	tui	1600
提	ti	1600
搜	sou	1600
撤	che	1600
操	cao	1600
支	zhi	1600
收	shou	1600
改	gai	1600
放	fang	1600
政	zheng	1600
故	gu	1600
效	xiao	1600
教	jiao	1600
散	san	1600
数	shu	1600
整	zheng	1600
文	wen	1600
料	liao	1600
新	xin	1600
方	fang	1600
施	shi	1600
旁	pang	1600
无	wu	1600
日	ri	1600
早	zao	1600
时	shi	1600
明	ming	1600
易	yi	1600
星	xing	1600
春	chun	1600
昨	zuo	1600
晚	wan	1600
晨	chen	1600
景	jing	1600
晰	xi	1600
晴	qing	1600
智	zhi	1600
暂	zan	1600
曲	qu	1600
更	geng	1600
最	zui	1600
月	yue	1600
朋	peng	1600
服	fu	1600
望	wang	1600
期	qi	1600
末	mo	1600
本	ben	1600
术	shu	1600
机	ji	1600
杂	za	1600
权	quan	1600
李	li	1600
村	cun	1600
束	shu	1600
条	tiao	1600
杭	hang	1600
松	song	1600
极	ji	1600
构	gou	1600
析	xi	1600
林	lin	1600
果	guo	1600
架	jia	1600
查	cha	1600
柿	shi	1600
标	biao	1600
栏	lan	1600
校	xiao	1600
样	yang	1600
核	he	1600
根	gen	1600
格	ge	1600
桃	tao	1600
案	an	1600
桌	zhuo	1600
档	dang	1600
梦	meng	1600
检	jian	1600
棒	bang	1600
森	sen	1600
植	zhi	1600
楚	chu	1600
楼	lou	1600
概	gai	1600
模	mo	1600
橙	cheng	1600
次	ci	1600
款	kuan	1600
歉	qian	1600
歌	ge	1600
止	zhi	1600
正	zheng	1600
此	ci	1600
步	bu	1600
武	wu	1600
殊	shu	1600
段	duan	1600
母	mu	1600
每	mei	1600
比	bi	1600
民	min	1600
气	qi	1600
水	shui	1600
汁	zhi	1600
求	qiu	1600
汇	hui	1600
汉	han	1600
江	jiang	1600
汽	qi	1600
沈	shen	1600
沙	sha	1600
沟	gou	1600
没	mei	1600
河	he	1600
油	you	1600
泉	quan	1600
泊	po	1600
法	fa	1600
注	zhu	1600
泳	yong	1600
津	jin	1600
活	huo	1600
流	liu	1600
浅	qian	1600
浆	jiang	1600
测	ce	1600
济	ji	1600
浏	liu	1600
浙	zhe	1600
海	hai	1600
消	xiao	1600
淇	qi	1600
淋	lin	1600
淡	dan	1600
深	shen	1600
添	tian	1600
清	qing	1600
渐	jian	1600
温	wen	1600
港	gang	1600
游	you	1600
湖	hu	1600
湾	wan	1600
源	yuan	1600
满	man	1600
滨	bin	1600
澳	ao	1600
激	ji	1600
火	huo	1600
灯	deng	1600
灰	hui	1600
灵	ling	1600
炒	chao	1600
点	dian	1600
炼	lian	1600
烤	kao	1600
烦	fan	1600
烧	shao	1600
烫	tang	1600
然	ran	1600
照	zhao	1600
熊	xiong	1600
熬	ao	1600
爱	ai	1600
父	fu	1600
爷	ye	1600
爸	ba	1600
片	pian	1600
版	ban	1600
牛	niu	1600
物	wu	1600
特	te	1600
状	zhuang	1600
猪	zhu	1600
玉	yu	1600
环	huan	1600
班	ban	1600
理	li	1600
瓜	gua	1600
甘	gan	1600
甚	shen	1600
生	sheng	1600
用	yong	1600
电	dian	1600
男	nan	1600
界	jie	1600
疆	jiang	1600
疼	teng	1600
病	bing	1600
痛	tong	1600
登	deng	1600
白	bai	1600
益	yi	1600
盖	gai	1600
盘	pan	1600
目	mu	1600
直	zhi	1600
相	xiang	1600
省	sheng	1600
真	zhen	1600
着	zhe	1600
睡	shui	1600
知	zhi	1600
短	duan	1600
矿	kuang	1600
码	ma	1600
研	yan	1600
础	chu	1600
硬	ying	1600
确	que	1600
磁	ci	1600
示	shi	1600
社	she	1600
祝	zhu	1600
票	piao	1600
福	fu	1600
离	li	1600
私	si	1600
秋	qiu	1600
科	ke	1600
租	zu	1600
积	ji	1600
称	cheng	1600
程	cheng	1600
稍	shao	1600
稳	wen	1600
稿	gao	1600
究	jiu	1600
空	kong	1600
窗	chuang	1600
站	zhan	1600
章	zhang	1600
端	duan	1600
符	fu	1600
第	di	1600
等	deng	1600
策	ce	1600
筛	shai	1600
签	qian	1600
简	jian	1600
算	suan	1600
管	guan	1600
籍	ji	1600
米	mi	1600
类	lei	1600
粉	fen	1600
粘	zhan	1600
糊	hu	1600
糕	gao	1600
系	xi	1600
索	suo	1600
紧	jin	1600
紫	zi	1600
纠	jiu	1600
红	hong	1600
约	yue	1600
级	ji	1600
纪	ji	1600
练	lian	1600
组	zu	1600
细	xi	1600
终	zhong	1600
绍	shao	1600
经	jing	1600
结	jie	1600
络	luo	1600
统	tong	1600
继	ji	1600
续	xu	1600
维	wei	1600
缓	huan	1600
编	bian	1600
网	wang	1600
置	zhi	1600
老	lao	1600
考	kao	1600
者	zhe	1600
而	er	1600
耐	nai	1600
聊	liao	1600
职	zhi	1600
联	lian	1600
肃	su	1600
肉	rou	1600
肚	du	1600
肥	fei	1600
育	yu	1600
胡	hu	1600
脑	nao	1600
腐	fu	1600
自	zi	1600
至	zhi	1600
舒	shu	1600
航	hang	1600
般	ban	1600
色	se	1600
节	jie	1600
花	hua	1600
苏	su	1600
英	ying	1600
苹	ping	1600
范	fan	1600
草	cao	1600
药	yao	1600
莓	mei	1600
菜	cai	1600
萄	tao	1600
萝	luo	1600
落	luo	1600
葡	pu	1600
蓝	lan	1600
蔬	shu	1600
蕉	jiao	1600
藏	cang	1600
藏	zang	1600
虽	sui	1600
蛋	dan	1600
街	jie	1600
补	bu	1600
表	biao	1600
装	zhuang	1600
裹	guo	1600
西	xi	1600
见	jian	1600
规	gui	1600
视	shi	1600
览	lan	1600
觉	jiao	1600
觉	jue	1600
角	jue	1600
解	jie	1600
言	yan	1600
计	ji	1600
订	ding	1600
认	ren	1600
讨	tao	1600
训	xun	1600
议	yi	1600
记	ji	1600
许	xu	1600
论	lun	1600
设	she	1600
访	fang	1600
证	zheng	1600
评	ping	1600
识	shi	1600
词	ci	1600
试	shi	1600
诗	shi	1600
话	hua	1600
该	gai	1600
详	xiang	1600
语	yu	1600
误	wu	1600
请	qing	1600
读	du	1600
调	diao	1600
调	tiao	1600
谢	xie	1600
豆	dou	1600
象	xiang	1600
负	fu	1600
责	ze	1600
败	bai	1600
账	zhang	1600
货	huo	1600
质	zhi	1600
购	gou	1600
贴	tie	1600
贵	gui	1600
费	fei	1600
资	zi	1600
赖	lai	1600
赛	sai	1600
起	qi	1600
超	chao	1600
趣	qu	1600
足	zu	1600
跑	pao	1600
距	ju	1600
跟	gen	1600
跨	kua	1600
路	lu	1600
身	shen	1600
车	che	1600
转	zhuan	1600
软	ruan	1600
载	zai	1600
较	jiao	1600
输	shu	1600
辛	xin	1600
边	bian	1600
达	da	1600
过	guo	1600
运	yun	1600
近	jin	1600
返	fan	1600
进	jin	1600
远	yuan	1600
连	lian	1600
迟	chi	1600
迭	die	1600
退	tui	1600
送	song	1600
适	shi	1600
选	xuan	1600
逐	zhu	1600
递	di	1600
逗	dou	1600
通	tong	1600
速	su	1600
遍	bian	1600
道	dao	1600
邮	you	1600
郑	zheng	1600
部	bu	1600
都	du	1600
配	pei	1600
酒	jiu	1600
醒	xing	1600
采	cai	1600
里	li	1600
量	liang	1600
金	jin	1600
钟	zhong	1600
钮	niu	1600
铁	tie	1600
银	yin	1600
链	lian	1600
销	xiao	1600
锅	guo	1600
错	cuo	1600
键	jian	1600
锻	duan	1600
门	men	1600
闭	bi	1600
问	wen	1600
间	jian	1600
闻	wen	1600
阅	yue	1600
队	dui	1600
阳	yang	1600
阴	yin	1600
阶	jie	1600
阿	a	1600
附	fu	1600
际	ji	1600
陕	shan	1600
院	yuan	1600
除	chu	1600
陪	pei	1600
随	sui	1600
隐	yin	1600
障	zhang	1600
难	nan	1600
集	ji	1600
雨	yu	1600
雪	xue	1600
零	ling	1600
需	xu	1600
青	qing	1600
非	fei	1600
靠	kao	1600
面	mian	1600
音	yin	1600
项	xiang	1600
顺	shun	1600
须	xu	1600
预	yu	1600
频	pin	1600
题	ti	1600
颜	yan	1600
额	e	1600
风	feng	1600
飞	fei	1600
食	shi	1600
餐	can	1600
饭	fan	1600
饮	yin	1600
饺	jiao	1600
饼	bing	1600
馆	guan	1600
馈	kui	1600
馒	man	1600
首	shou	1600
香	xiang	1600
马	ma	1600
验	yan	1600
骑	qi	1600
骤	zhou	1600
高	gao	1600
鸡	ji	1600
鸭	ya	1600
麻	ma	1600
黄	huang	1600
黑	hei	1600
默	mo	1600
鼠	shu	1600
